[{"pokemon_id": 1, "type_id": 12, "no": 1}, {"pokemon_id": 1, "type_id": 4, "no": 2}, {"pokemon_id": 2, "type_id": 12, "no": 1}, {"pokemon_id": 2, "type_id": 4, "no": 2}, {"pokemon_id": 3, "type_id": 12, "no": 1}, {"pokemon_id": 3, "type_id": 4, "no": 2}, {"pokemon_id": 4, "type_id": 10, "no": 1}, {"pokemon_id": 5, "type_id": 10, "no": 1}, {"pokemon_id": 6, "type_id": 10, "no": 1}, {"pokemon_id": 6, "type_id": 3, "no": 2}, {"pokemon_id": 7, "type_id": 11, "no": 1}, {"pokemon_id": 8, "type_id": 11, "no": 1}, {"pokemon_id": 9, "type_id": 11, "no": 1}, {"pokemon_id": 10, "type_id": 7, "no": 1}, {"pokemon_id": 11, "type_id": 7, "no": 1}, {"pokemon_id": 12, "type_id": 7, "no": 1}, {"pokemon_id": 12, "type_id": 3, "no": 2}, {"pokemon_id": 13, "type_id": 7, "no": 1}, {"pokemon_id": 13, "type_id": 4, "no": 2}, {"pokemon_id": 14, "type_id": 7, "no": 1}, {"pokemon_id": 14, "type_id": 4, "no": 2}, {"pokemon_id": 15, "type_id": 7, "no": 1}, {"pokemon_id": 15, "type_id": 4, "no": 2}, {"pokemon_id": 16, "type_id": 1, "no": 1}, {"pokemon_id": 16, "type_id": 3, "no": 2}, {"pokemon_id": 17, "type_id": 1, "no": 1}, {"pokemon_id": 17, "type_id": 3, "no": 2}, {"pokemon_id": 18, "type_id": 1, "no": 1}, {"pokemon_id": 18, "type_id": 3, "no": 2}, {"pokemon_id": 19, "type_id": 1, "no": 1}, {"pokemon_id": 20, "type_id": 1, "no": 1}, {"pokemon_id": 21, "type_id": 1, "no": 1}, {"pokemon_id": 21, "type_id": 3, "no": 2}, {"pokemon_id": 22, "type_id": 1, "no": 1}, {"pokemon_id": 22, "type_id": 3, "no": 2}, {"pokemon_id": 23, "type_id": 4, "no": 1}, {"pokemon_id": 24, "type_id": 4, "no": 1}, {"pokemon_id": 25, "type_id": 13, "no": 1}, {"pokemon_id": 26, "type_id": 13, "no": 1}, {"pokemon_id": 27, "type_id": 5, "no": 1}, {"pokemon_id": 28, "type_id": 5, "no": 1}, {"pokemon_id": 29, "type_id": 4, "no": 1}, {"pokemon_id": 30, "type_id": 4, "no": 1}, {"pokemon_id": 31, "type_id": 4, "no": 1}, {"pokemon_id": 31, "type_id": 5, "no": 2}, {"pokemon_id": 32, "type_id": 4, "no": 1}, {"pokemon_id": 33, "type_id": 4, "no": 1}, {"pokemon_id": 34, "type_id": 4, "no": 1}, {"pokemon_id": 34, "type_id": 5, "no": 2}, {"pokemon_id": 35, "type_id": 18, "no": 1}, {"pokemon_id": 36, "type_id": 18, "no": 1}, {"pokemon_id": 37, "type_id": 10, "no": 1}, {"pokemon_id": 38, "type_id": 10, "no": 1}, {"pokemon_id": 39, "type_id": 1, "no": 1}, {"pokemon_id": 39, "type_id": 18, "no": 2}, {"pokemon_id": 40, "type_id": 1, "no": 1}, {"pokemon_id": 40, "type_id": 18, "no": 2}, {"pokemon_id": 41, "type_id": 4, "no": 1}, {"pokemon_id": 41, "type_id": 3, "no": 2}, {"pokemon_id": 42, "type_id": 4, "no": 1}, {"pokemon_id": 42, "type_id": 3, "no": 2}, {"pokemon_id": 43, "type_id": 12, "no": 1}, {"pokemon_id": 43, "type_id": 4, "no": 2}, {"pokemon_id": 44, "type_id": 12, "no": 1}, {"pokemon_id": 44, "type_id": 4, "no": 2}, {"pokemon_id": 45, "type_id": 12, "no": 1}, {"pokemon_id": 45, "type_id": 4, "no": 2}, {"pokemon_id": 46, "type_id": 7, "no": 1}, {"pokemon_id": 46, "type_id": 12, "no": 2}, {"pokemon_id": 47, "type_id": 7, "no": 1}, {"pokemon_id": 47, "type_id": 12, "no": 2}, {"pokemon_id": 48, "type_id": 7, "no": 1}, {"pokemon_id": 48, "type_id": 4, "no": 2}, {"pokemon_id": 49, "type_id": 7, "no": 1}, {"pokemon_id": 49, "type_id": 4, "no": 2}, {"pokemon_id": 50, "type_id": 5, "no": 1}, {"pokemon_id": 51, "type_id": 5, "no": 1}, {"pokemon_id": 52, "type_id": 1, "no": 1}, {"pokemon_id": 53, "type_id": 1, "no": 1}, {"pokemon_id": 54, "type_id": 11, "no": 1}, {"pokemon_id": 55, "type_id": 11, "no": 1}, {"pokemon_id": 56, "type_id": 2, "no": 1}, {"pokemon_id": 57, "type_id": 2, "no": 1}, {"pokemon_id": 58, "type_id": 10, "no": 1}, {"pokemon_id": 59, "type_id": 10, "no": 1}, {"pokemon_id": 60, "type_id": 11, "no": 1}, {"pokemon_id": 61, "type_id": 11, "no": 1}, {"pokemon_id": 62, "type_id": 11, "no": 1}, {"pokemon_id": 62, "type_id": 2, "no": 2}, {"pokemon_id": 63, "type_id": 14, "no": 1}, {"pokemon_id": 64, "type_id": 14, "no": 1}, {"pokemon_id": 65, "type_id": 14, "no": 1}, {"pokemon_id": 66, "type_id": 2, "no": 1}, {"pokemon_id": 67, "type_id": 2, "no": 1}, {"pokemon_id": 68, "type_id": 2, "no": 1}, {"pokemon_id": 69, "type_id": 12, "no": 1}, {"pokemon_id": 69, "type_id": 4, "no": 2}, {"pokemon_id": 70, "type_id": 12, "no": 1}, {"pokemon_id": 70, "type_id": 4, "no": 2}, {"pokemon_id": 71, "type_id": 12, "no": 1}, {"pokemon_id": 71, "type_id": 4, "no": 2}, {"pokemon_id": 72, "type_id": 11, "no": 1}, {"pokemon_id": 72, "type_id": 4, "no": 2}, {"pokemon_id": 73, "type_id": 11, "no": 1}, {"pokemon_id": 73, "type_id": 4, "no": 2}, {"pokemon_id": 74, "type_id": 6, "no": 1}, {"pokemon_id": 74, "type_id": 5, "no": 2}, {"pokemon_id": 75, "type_id": 6, "no": 1}, {"pokemon_id": 75, "type_id": 5, "no": 2}, {"pokemon_id": 76, "type_id": 6, "no": 1}, {"pokemon_id": 76, "type_id": 5, "no": 2}, {"pokemon_id": 77, "type_id": 10, "no": 1}, {"pokemon_id": 78, "type_id": 10, "no": 1}, {"pokemon_id": 79, "type_id": 11, "no": 1}, {"pokemon_id": 79, "type_id": 14, "no": 2}, {"pokemon_id": 80, "type_id": 11, "no": 1}, {"pokemon_id": 80, "type_id": 14, "no": 2}, {"pokemon_id": 81, "type_id": 13, "no": 1}, {"pokemon_id": 81, "type_id": 9, "no": 2}, {"pokemon_id": 82, "type_id": 13, "no": 1}, {"pokemon_id": 82, "type_id": 9, "no": 2}, {"pokemon_id": 83, "type_id": 1, "no": 1}, {"pokemon_id": 83, "type_id": 3, "no": 2}, {"pokemon_id": 84, "type_id": 1, "no": 1}, {"pokemon_id": 84, "type_id": 3, "no": 2}, {"pokemon_id": 85, "type_id": 1, "no": 1}, {"pokemon_id": 85, "type_id": 3, "no": 2}, {"pokemon_id": 86, "type_id": 11, "no": 1}, {"pokemon_id": 87, "type_id": 11, "no": 1}, {"pokemon_id": 87, "type_id": 15, "no": 2}, {"pokemon_id": 88, "type_id": 4, "no": 1}, {"pokemon_id": 89, "type_id": 4, "no": 1}, {"pokemon_id": 90, "type_id": 11, "no": 1}, {"pokemon_id": 91, "type_id": 11, "no": 1}, {"pokemon_id": 91, "type_id": 15, "no": 2}, {"pokemon_id": 92, "type_id": 8, "no": 1}, {"pokemon_id": 92, "type_id": 4, "no": 2}, {"pokemon_id": 93, "type_id": 8, "no": 1}, {"pokemon_id": 93, "type_id": 4, "no": 2}, {"pokemon_id": 94, "type_id": 8, "no": 1}, {"pokemon_id": 94, "type_id": 4, "no": 2}, {"pokemon_id": 95, "type_id": 6, "no": 1}, {"pokemon_id": 95, "type_id": 5, "no": 2}, {"pokemon_id": 96, "type_id": 14, "no": 1}, {"pokemon_id": 97, "type_id": 14, "no": 1}, {"pokemon_id": 98, "type_id": 11, "no": 1}, {"pokemon_id": 99, "type_id": 11, "no": 1}, {"pokemon_id": 100, "type_id": 13, "no": 1}, {"pokemon_id": 101, "type_id": 13, "no": 1}, {"pokemon_id": 102, "type_id": 12, "no": 1}, {"pokemon_id": 102, "type_id": 14, "no": 2}, {"pokemon_id": 103, "type_id": 12, "no": 1}, {"pokemon_id": 103, "type_id": 14, "no": 2}, {"pokemon_id": 104, "type_id": 5, "no": 1}, {"pokemon_id": 105, "type_id": 5, "no": 1}, {"pokemon_id": 106, "type_id": 2, "no": 1}, {"pokemon_id": 107, "type_id": 2, "no": 1}, {"pokemon_id": 108, "type_id": 1, "no": 1}, {"pokemon_id": 109, "type_id": 4, "no": 1}, {"pokemon_id": 110, "type_id": 4, "no": 1}, {"pokemon_id": 111, "type_id": 5, "no": 1}, {"pokemon_id": 111, "type_id": 6, "no": 2}, {"pokemon_id": 112, "type_id": 5, "no": 1}, {"pokemon_id": 112, "type_id": 6, "no": 2}, {"pokemon_id": 113, "type_id": 1, "no": 1}, {"pokemon_id": 114, "type_id": 12, "no": 1}, {"pokemon_id": 115, "type_id": 1, "no": 1}, {"pokemon_id": 116, "type_id": 11, "no": 1}, {"pokemon_id": 117, "type_id": 11, "no": 1}, {"pokemon_id": 118, "type_id": 11, "no": 1}, {"pokemon_id": 119, "type_id": 11, "no": 1}, {"pokemon_id": 120, "type_id": 11, "no": 1}, {"pokemon_id": 121, "type_id": 11, "no": 1}, {"pokemon_id": 121, "type_id": 14, "no": 2}, {"pokemon_id": 122, "type_id": 14, "no": 1}, {"pokemon_id": 122, "type_id": 18, "no": 2}, {"pokemon_id": 123, "type_id": 7, "no": 1}, {"pokemon_id": 123, "type_id": 3, "no": 2}, {"pokemon_id": 124, "type_id": 15, "no": 1}, {"pokemon_id": 124, "type_id": 14, "no": 2}, {"pokemon_id": 125, "type_id": 13, "no": 1}, {"pokemon_id": 126, "type_id": 10, "no": 1}, {"pokemon_id": 127, "type_id": 7, "no": 1}, {"pokemon_id": 128, "type_id": 1, "no": 1}, {"pokemon_id": 129, "type_id": 11, "no": 1}, {"pokemon_id": 130, "type_id": 11, "no": 1}, {"pokemon_id": 130, "type_id": 3, "no": 2}, {"pokemon_id": 131, "type_id": 11, "no": 1}, {"pokemon_id": 131, "type_id": 15, "no": 2}, {"pokemon_id": 132, "type_id": 1, "no": 1}, {"pokemon_id": 133, "type_id": 1, "no": 1}, {"pokemon_id": 134, "type_id": 11, "no": 1}, {"pokemon_id": 135, "type_id": 13, "no": 1}, {"pokemon_id": 136, "type_id": 10, "no": 1}, {"pokemon_id": 137, "type_id": 1, "no": 1}, {"pokemon_id": 138, "type_id": 6, "no": 1}, {"pokemon_id": 138, "type_id": 11, "no": 2}, {"pokemon_id": 139, "type_id": 6, "no": 1}, {"pokemon_id": 139, "type_id": 11, "no": 2}, {"pokemon_id": 140, "type_id": 6, "no": 1}, {"pokemon_id": 140, "type_id": 11, "no": 2}, {"pokemon_id": 141, "type_id": 6, "no": 1}, {"pokemon_id": 141, "type_id": 11, "no": 2}, {"pokemon_id": 142, "type_id": 6, "no": 1}, {"pokemon_id": 142, "type_id": 3, "no": 2}, {"pokemon_id": 143, "type_id": 1, "no": 1}, {"pokemon_id": 144, "type_id": 15, "no": 1}, {"pokemon_id": 144, "type_id": 3, "no": 2}, {"pokemon_id": 145, "type_id": 13, "no": 1}, {"pokemon_id": 145, "type_id": 3, "no": 2}, {"pokemon_id": 146, "type_id": 10, "no": 1}, {"pokemon_id": 146, "type_id": 3, "no": 2}, {"pokemon_id": 147, "type_id": 16, "no": 1}, {"pokemon_id": 148, "type_id": 16, "no": 1}, {"pokemon_id": 149, "type_id": 16, "no": 1}, {"pokemon_id": 149, "type_id": 3, "no": 2}, {"pokemon_id": 150, "type_id": 14, "no": 1}, {"pokemon_id": 151, "type_id": 14, "no": 1}]