[{"id": 1, "name": "Bulbasaur", "HP": 45, "Attack": 49, "Defense": 49, "Sp. Attack": 65, "Sp. Defense": 65, "Speed": 45}, {"id": 2, "name": "Ivysaur", "HP": 60, "Attack": 62, "Defense": 63, "Sp. Attack": 80, "Sp. Defense": 80, "Speed": 60}, {"id": 3, "name": "Venusaur", "HP": 80, "Attack": 82, "Defense": 83, "Sp. Attack": 100, "Sp. Defense": 100, "Speed": 80}, {"id": 4, "name": "Charmander", "HP": 39, "Attack": 52, "Defense": 43, "Sp. Attack": 60, "Sp. Defense": 50, "Speed": 65}, {"id": 5, "name": "Charmeleon", "HP": 58, "Attack": 64, "Defense": 58, "Sp. Attack": 80, "Sp. Defense": 65, "Speed": 80}, {"id": 6, "name": "Charizard", "HP": 78, "Attack": 84, "Defense": 78, "Sp. Attack": 109, "Sp. Defense": 85, "Speed": 100}, {"id": 7, "name": "Squirtle", "HP": 44, "Attack": 48, "Defense": 65, "Sp. Attack": 50, "Sp. Defense": 64, "Speed": 43}, {"id": 8, "name": "Wartortle", "HP": 59, "Attack": 63, "Defense": 80, "Sp. Attack": 65, "Sp. Defense": 80, "Speed": 58}, {"id": 9, "name": "Blastoise", "HP": 79, "Attack": 83, "Defense": 100, "Sp. Attack": 85, "Sp. Defense": 105, "Speed": 78}, {"id": 10, "name": "Caterpie", "HP": 45, "Attack": 30, "Defense": 35, "Sp. Attack": 20, "Sp. Defense": 20, "Speed": 45}, {"id": 11, "name": "Metapod", "HP": 50, "Attack": 20, "Defense": 55, "Sp. Attack": 25, "Sp. Defense": 25, "Speed": 30}, {"id": 12, "name": "Butterfree", "HP": 60, "Attack": 45, "Defense": 50, "Sp. Attack": 90, "Sp. Defense": 80, "Speed": 70}, {"id": 13, "name": "Weedle", "HP": 40, "Attack": 35, "Defense": 30, "Sp. Attack": 20, "Sp. Defense": 20, "Speed": 50}, {"id": 14, "name": "Kakuna", "HP": 45, "Attack": 25, "Defense": 50, "Sp. Attack": 25, "Sp. Defense": 25, "Speed": 35}, {"id": 15, "name": "Beedrill", "HP": 65, "Attack": 90, "Defense": 40, "Sp. Attack": 45, "Sp. Defense": 80, "Speed": 75}, {"id": 16, "name": "Pidgey", "HP": 40, "Attack": 45, "Defense": 40, "Sp. Attack": 35, "Sp. Defense": 35, "Speed": 56}, {"id": 17, "name": "Pidgeotto", "HP": 63, "Attack": 60, "Defense": 55, "Sp. Attack": 50, "Sp. Defense": 50, "Speed": 71}, {"id": 18, "name": "Pidgeot", "HP": 83, "Attack": 80, "Defense": 75, "Sp. Attack": 70, "Sp. Defense": 70, "Speed": 101}, {"id": 19, "name": "Rattata", "HP": 30, "Attack": 56, "Defense": 35, "Sp. Attack": 25, "Sp. Defense": 35, "Speed": 72}, {"id": 20, "name": "Raticate", "HP": 55, "Attack": 81, "Defense": 60, "Sp. Attack": 50, "Sp. Defense": 70, "Speed": 97}, {"id": 21, "name": "Spearow", "HP": 40, "Attack": 60, "Defense": 30, "Sp. Attack": 31, "Sp. Defense": 31, "Speed": 70}, {"id": 22, "name": "Fearow", "HP": 65, "Attack": 90, "Defense": 65, "Sp. Attack": 61, "Sp. Defense": 61, "Speed": 100}, {"id": 23, "name": "Ekans", "HP": 35, "Attack": 60, "Defense": 44, "Sp. Attack": 40, "Sp. Defense": 54, "Speed": 55}, {"id": 24, "name": "Arbok", "HP": 60, "Attack": 95, "Defense": 69, "Sp. Attack": 65, "Sp. Defense": 79, "Speed": 80}, {"id": 25, "name": "Pikachu", "HP": 35, "Attack": 55, "Defense": 40, "Sp. Attack": 50, "Sp. Defense": 50, "Speed": 90}, {"id": 26, "name": "Raichu", "HP": 60, "Attack": 90, "Defense": 55, "Sp. Attack": 90, "Sp. Defense": 80, "Speed": 110}, {"id": 27, "name": "Sandshrew", "HP": 50, "Attack": 75, "Defense": 85, "Sp. Attack": 20, "Sp. Defense": 30, "Speed": 40}, {"id": 28, "name": "Sandslash", "HP": 75, "Attack": 100, "Defense": 110, "Sp. Attack": 45, "Sp. Defense": 55, "Speed": 65}, {"id": 29, "name": "Nidoran\u2640", "HP": 55, "Attack": 47, "Defense": 52, "Sp. Attack": 40, "Sp. Defense": 40, "Speed": 41}, {"id": 30, "name": "Nidorina", "HP": 70, "Attack": 62, "Defense": 67, "Sp. Attack": 55, "Sp. Defense": 55, "Speed": 56}, {"id": 31, "name": "Nidoqueen", "HP": 90, "Attack": 92, "Defense": 87, "Sp. Attack": 75, "Sp. Defense": 85, "Speed": 76}, {"id": 32, "name": "Nidoran\u2642", "HP": 46, "Attack": 57, "Defense": 40, "Sp. Attack": 40, "Sp. Defense": 40, "Speed": 50}, {"id": 33, "name": "Nidorino", "HP": 61, "Attack": 72, "Defense": 57, "Sp. Attack": 55, "Sp. Defense": 55, "Speed": 65}, {"id": 34, "name": "Nidoking", "HP": 81, "Attack": 102, "Defense": 77, "Sp. Attack": 85, "Sp. Defense": 75, "Speed": 85}, {"id": 35, "name": "Clefairy", "HP": 70, "Attack": 45, "Defense": 48, "Sp. Attack": 60, "Sp. Defense": 65, "Speed": 35}, {"id": 36, "name": "Clefable", "HP": 95, "Attack": 70, "Defense": 73, "Sp. Attack": 95, "Sp. Defense": 90, "Speed": 60}, {"id": 37, "name": "Vulpix", "HP": 38, "Attack": 41, "Defense": 40, "Sp. Attack": 50, "Sp. Defense": 65, "Speed": 65}, {"id": 38, "name": "Ninetales", "HP": 73, "Attack": 76, "Defense": 75, "Sp. Attack": 81, "Sp. Defense": 100, "Speed": 100}, {"id": 39, "name": "Jigglypuff", "HP": 115, "Attack": 45, "Defense": 20, "Sp. Attack": 45, "Sp. Defense": 25, "Speed": 20}, {"id": 40, "name": "Wigglytuff", "HP": 140, "Attack": 70, "Defense": 45, "Sp. Attack": 85, "Sp. Defense": 50, "Speed": 45}, {"id": 41, "name": "Zubat", "HP": 40, "Attack": 45, "Defense": 35, "Sp. Attack": 30, "Sp. Defense": 40, "Speed": 55}, {"id": 42, "name": "Golbat", "HP": 75, "Attack": 80, "Defense": 70, "Sp. Attack": 65, "Sp. Defense": 75, "Speed": 90}, {"id": 43, "name": "Oddish", "HP": 45, "Attack": 50, "Defense": 55, "Sp. Attack": 75, "Sp. Defense": 65, "Speed": 30}, {"id": 44, "name": "Gloom", "HP": 60, "Attack": 65, "Defense": 70, "Sp. Attack": 85, "Sp. Defense": 75, "Speed": 40}, {"id": 45, "name": "Vileplume", "HP": 75, "Attack": 80, "Defense": 85, "Sp. Attack": 110, "Sp. Defense": 90, "Speed": 50}, {"id": 46, "name": "Paras", "HP": 35, "Attack": 70, "Defense": 55, "Sp. Attack": 45, "Sp. Defense": 55, "Speed": 25}, {"id": 47, "name": "Parasect", "HP": 60, "Attack": 95, "Defense": 80, "Sp. Attack": 60, "Sp. Defense": 80, "Speed": 30}, {"id": 48, "name": "Venonat", "HP": 60, "Attack": 55, "Defense": 50, "Sp. Attack": 40, "Sp. Defense": 55, "Speed": 45}, {"id": 49, "name": "Venomoth", "HP": 70, "Attack": 65, "Defense": 60, "Sp. Attack": 90, "Sp. Defense": 75, "Speed": 90}, {"id": 50, "name": "Diglett", "HP": 10, "Attack": 55, "Defense": 25, "Sp. Attack": 35, "Sp. Defense": 45, "Speed": 95}, {"id": 51, "name": "Dugtrio", "HP": 35, "Attack": 100, "Defense": 50, "Sp. Attack": 50, "Sp. Defense": 70, "Speed": 120}, {"id": 52, "name": "Meowth", "HP": 40, "Attack": 45, "Defense": 35, "Sp. Attack": 40, "Sp. Defense": 40, "Speed": 90}, {"id": 53, "name": "Persian", "HP": 65, "Attack": 70, "Defense": 60, "Sp. Attack": 65, "Sp. Defense": 65, "Speed": 115}, {"id": 54, "name": "Psyduck", "HP": 50, "Attack": 52, "Defense": 48, "Sp. Attack": 65, "Sp. Defense": 50, "Speed": 55}, {"id": 55, "name": "Golduck", "HP": 80, "Attack": 82, "Defense": 78, "Sp. Attack": 95, "Sp. Defense": 80, "Speed": 85}, {"id": 56, "name": "Mankey", "HP": 40, "Attack": 80, "Defense": 35, "Sp. Attack": 35, "Sp. Defense": 45, "Speed": 70}, {"id": 57, "name": "Primeape", "HP": 65, "Attack": 105, "Defense": 60, "Sp. Attack": 60, "Sp. Defense": 70, "Speed": 95}, {"id": 58, "name": "Growlithe", "HP": 55, "Attack": 70, "Defense": 45, "Sp. Attack": 70, "Sp. Defense": 50, "Speed": 60}, {"id": 59, "name": "Arcanine", "HP": 90, "Attack": 110, "Defense": 80, "Sp. Attack": 100, "Sp. Defense": 80, "Speed": 95}, {"id": 60, "name": "Poliwag", "HP": 40, "Attack": 50, "Defense": 40, "Sp. Attack": 40, "Sp. Defense": 40, "Speed": 90}, {"id": 61, "name": "Poliwhirl", "HP": 65, "Attack": 65, "Defense": 65, "Sp. Attack": 50, "Sp. Defense": 50, "Speed": 90}, {"id": 62, "name": "Poliwrath", "HP": 90, "Attack": 95, "Defense": 95, "Sp. Attack": 70, "Sp. Defense": 90, "Speed": 70}, {"id": 63, "name": "Abra", "HP": 25, "Attack": 20, "Defense": 15, "Sp. Attack": 105, "Sp. Defense": 55, "Speed": 90}, {"id": 64, "name": "Kadabra", "HP": 40, "Attack": 35, "Defense": 30, "Sp. Attack": 120, "Sp. Defense": 70, "Speed": 105}, {"id": 65, "name": "Alakazam", "HP": 55, "Attack": 50, "Defense": 45, "Sp. Attack": 135, "Sp. Defense": 95, "Speed": 120}, {"id": 66, "name": "Machop", "HP": 70, "Attack": 80, "Defense": 50, "Sp. Attack": 35, "Sp. Defense": 35, "Speed": 35}, {"id": 67, "name": "Machoke", "HP": 80, "Attack": 100, "Defense": 70, "Sp. Attack": 50, "Sp. Defense": 60, "Speed": 45}, {"id": 68, "name": "Machamp", "HP": 90, "Attack": 130, "Defense": 80, "Sp. Attack": 65, "Sp. Defense": 85, "Speed": 55}, {"id": 69, "name": "Bellsprout", "HP": 50, "Attack": 75, "Defense": 35, "Sp. Attack": 70, "Sp. Defense": 30, "Speed": 40}, {"id": 70, "name": "Weepinbell", "HP": 65, "Attack": 90, "Defense": 50, "Sp. Attack": 85, "Sp. Defense": 45, "Speed": 55}, {"id": 71, "name": "Victreebel", "HP": 80, "Attack": 105, "Defense": 65, "Sp. Attack": 100, "Sp. Defense": 70, "Speed": 70}, {"id": 72, "name": "Tentacool", "HP": 40, "Attack": 40, "Defense": 35, "Sp. Attack": 50, "Sp. Defense": 100, "Speed": 70}, {"id": 73, "name": "Tentacruel", "HP": 80, "Attack": 70, "Defense": 65, "Sp. Attack": 80, "Sp. Defense": 120, "Speed": 100}, {"id": 74, "name": "Geodude", "HP": 40, "Attack": 80, "Defense": 100, "Sp. Attack": 30, "Sp. Defense": 30, "Speed": 20}, {"id": 75, "name": "Graveler", "HP": 55, "Attack": 95, "Defense": 115, "Sp. Attack": 45, "Sp. Defense": 45, "Speed": 35}, {"id": 76, "name": "Golem", "HP": 80, "Attack": 120, "Defense": 130, "Sp. Attack": 55, "Sp. Defense": 65, "Speed": 45}, {"id": 77, "name": "Ponyta", "HP": 50, "Attack": 85, "Defense": 55, "Sp. Attack": 65, "Sp. Defense": 65, "Speed": 90}, {"id": 78, "name": "Rapidash", "HP": 65, "Attack": 100, "Defense": 70, "Sp. Attack": 80, "Sp. Defense": 80, "Speed": 105}, {"id": 79, "name": "Slowpoke", "HP": 90, "Attack": 65, "Defense": 65, "Sp. Attack": 40, "Sp. Defense": 40, "Speed": 15}, {"id": 80, "name": "Slowbro", "HP": 95, "Attack": 75, "Defense": 110, "Sp. Attack": 100, "Sp. Defense": 80, "Speed": 30}, {"id": 81, "name": "Magnemite", "HP": 25, "Attack": 35, "Defense": 70, "Sp. Attack": 95, "Sp. Defense": 55, "Speed": 45}, {"id": 82, "name": "Magneton", "HP": 50, "Attack": 60, "Defense": 95, "Sp. Attack": 120, "Sp. Defense": 70, "Speed": 70}, {"id": 83, "name": "Farfetch'd", "HP": 52, "Attack": 90, "Defense": 55, "Sp. Attack": 58, "Sp. Defense": 62, "Speed": 60}, {"id": 84, "name": "Doduo", "HP": 35, "Attack": 85, "Defense": 45, "Sp. Attack": 35, "Sp. Defense": 35, "Speed": 75}, {"id": 85, "name": "Dodrio", "HP": 60, "Attack": 110, "Defense": 70, "Sp. Attack": 60, "Sp. Defense": 60, "Speed": 110}, {"id": 86, "name": "Seel", "HP": 65, "Attack": 45, "Defense": 55, "Sp. Attack": 45, "Sp. Defense": 70, "Speed": 45}, {"id": 87, "name": "Dewgong", "HP": 90, "Attack": 70, "Defense": 80, "Sp. Attack": 70, "Sp. Defense": 95, "Speed": 70}, {"id": 88, "name": "Grimer", "HP": 80, "Attack": 80, "Defense": 50, "Sp. Attack": 40, "Sp. Defense": 50, "Speed": 25}, {"id": 89, "name": "Muk", "HP": 105, "Attack": 105, "Defense": 75, "Sp. Attack": 65, "Sp. Defense": 100, "Speed": 50}, {"id": 90, "name": "Shellder", "HP": 30, "Attack": 65, "Defense": 100, "Sp. Attack": 45, "Sp. Defense": 25, "Speed": 40}, {"id": 91, "name": "Cloyster", "HP": 50, "Attack": 95, "Defense": 180, "Sp. Attack": 85, "Sp. Defense": 45, "Speed": 70}, {"id": 92, "name": "Gastly", "HP": 30, "Attack": 35, "Defense": 30, "Sp. Attack": 100, "Sp. Defense": 35, "Speed": 80}, {"id": 93, "name": "Haunter", "HP": 45, "Attack": 50, "Defense": 45, "Sp. Attack": 115, "Sp. Defense": 55, "Speed": 95}, {"id": 94, "name": "Gengar", "HP": 60, "Attack": 65, "Defense": 60, "Sp. Attack": 130, "Sp. Defense": 75, "Speed": 110}, {"id": 95, "name": "Onix", "HP": 35, "Attack": 45, "Defense": 160, "Sp. Attack": 30, "Sp. Defense": 45, "Speed": 70}, {"id": 96, "name": "Drowzee", "HP": 60, "Attack": 48, "Defense": 45, "Sp. Attack": 43, "Sp. Defense": 90, "Speed": 42}, {"id": 97, "name": "Hypno", "HP": 85, "Attack": 73, "Defense": 70, "Sp. Attack": 73, "Sp. Defense": 115, "Speed": 67}, {"id": 98, "name": "Krabby", "HP": 30, "Attack": 105, "Defense": 90, "Sp. Attack": 25, "Sp. Defense": 25, "Speed": 50}, {"id": 99, "name": "Kingler", "HP": 55, "Attack": 130, "Defense": 115, "Sp. Attack": 50, "Sp. Defense": 50, "Speed": 75}, {"id": 100, "name": "Voltorb", "HP": 40, "Attack": 30, "Defense": 50, "Sp. Attack": 55, "Sp. Defense": 55, "Speed": 100}, {"id": 101, "name": "Electrode", "HP": 60, "Attack": 50, "Defense": 70, "Sp. Attack": 80, "Sp. Defense": 80, "Speed": 150}, {"id": 102, "name": "Exeggcute", "HP": 60, "Attack": 40, "Defense": 80, "Sp. Attack": 60, "Sp. Defense": 45, "Speed": 40}, {"id": 103, "name": "Exeggutor", "HP": 95, "Attack": 95, "Defense": 85, "Sp. Attack": 125, "Sp. Defense": 75, "Speed": 55}, {"id": 104, "name": "Cubone", "HP": 50, "Attack": 50, "Defense": 95, "Sp. Attack": 40, "Sp. Defense": 50, "Speed": 35}, {"id": 105, "name": "Marowak", "HP": 60, "Attack": 80, "Defense": 110, "Sp. Attack": 50, "Sp. Defense": 80, "Speed": 45}, {"id": 106, "name": "Hitmonlee", "HP": 50, "Attack": 120, "Defense": 53, "Sp. Attack": 35, "Sp. Defense": 110, "Speed": 87}, {"id": 107, "name": "Hitmonchan", "HP": 50, "Attack": 105, "Defense": 79, "Sp. Attack": 35, "Sp. Defense": 110, "Speed": 76}, {"id": 108, "name": "Lickitung", "HP": 90, "Attack": 55, "Defense": 75, "Sp. Attack": 60, "Sp. Defense": 75, "Speed": 30}, {"id": 109, "name": "Koffing", "HP": 40, "Attack": 65, "Defense": 95, "Sp. Attack": 60, "Sp. Defense": 45, "Speed": 35}, {"id": 110, "name": "Weezing", "HP": 65, "Attack": 90, "Defense": 120, "Sp. Attack": 85, "Sp. Defense": 70, "Speed": 60}, {"id": 111, "name": "Rhyhorn", "HP": 80, "Attack": 85, "Defense": 95, "Sp. Attack": 30, "Sp. Defense": 30, "Speed": 25}, {"id": 112, "name": "Rhydon", "HP": 105, "Attack": 130, "Defense": 120, "Sp. Attack": 45, "Sp. Defense": 45, "Speed": 40}, {"id": 113, "name": "Chansey", "HP": 250, "Attack": 5, "Defense": 5, "Sp. Attack": 35, "Sp. Defense": 105, "Speed": 50}, {"id": 114, "name": "Tangela", "HP": 65, "Attack": 55, "Defense": 115, "Sp. Attack": 100, "Sp. Defense": 40, "Speed": 60}, {"id": 115, "name": "Kangaskhan", "HP": 105, "Attack": 95, "Defense": 80, "Sp. Attack": 40, "Sp. Defense": 80, "Speed": 90}, {"id": 116, "name": "Horsea", "HP": 30, "Attack": 40, "Defense": 70, "Sp. Attack": 70, "Sp. Defense": 25, "Speed": 60}, {"id": 117, "name": "Seadra", "HP": 55, "Attack": 65, "Defense": 95, "Sp. Attack": 95, "Sp. Defense": 45, "Speed": 85}, {"id": 118, "name": "Goldeen", "HP": 45, "Attack": 67, "Defense": 60, "Sp. Attack": 35, "Sp. Defense": 50, "Speed": 63}, {"id": 119, "name": "Seaking", "HP": 80, "Attack": 92, "Defense": 65, "Sp. Attack": 65, "Sp. Defense": 80, "Speed": 68}, {"id": 120, "name": "Staryu", "HP": 30, "Attack": 45, "Defense": 55, "Sp. Attack": 70, "Sp. Defense": 55, "Speed": 85}, {"id": 121, "name": "Starmie", "HP": 60, "Attack": 75, "Defense": 85, "Sp. Attack": 100, "Sp. Defense": 85, "Speed": 115}, {"id": 122, "name": "Mr. Mime", "HP": 40, "Attack": 45, "Defense": 65, "Sp. Attack": 100, "Sp. Defense": 120, "Speed": 90}, {"id": 123, "name": "Scyther", "HP": 70, "Attack": 110, "Defense": 80, "Sp. Attack": 55, "Sp. Defense": 80, "Speed": 105}, {"id": 124, "name": "Jynx", "HP": 65, "Attack": 50, "Defense": 35, "Sp. Attack": 115, "Sp. Defense": 95, "Speed": 95}, {"id": 125, "name": "Electabuzz", "HP": 65, "Attack": 83, "Defense": 57, "Sp. Attack": 95, "Sp. Defense": 85, "Speed": 105}, {"id": 126, "name": "Magmar", "HP": 65, "Attack": 95, "Defense": 57, "Sp. Attack": 100, "Sp. Defense": 85, "Speed": 93}, {"id": 127, "name": "Pinsir", "HP": 65, "Attack": 125, "Defense": 100, "Sp. Attack": 55, "Sp. Defense": 70, "Speed": 85}, {"id": 128, "name": "Tauros", "HP": 75, "Attack": 100, "Defense": 95, "Sp. Attack": 40, "Sp. Defense": 70, "Speed": 110}, {"id": 129, "name": "Magikarp", "HP": 20, "Attack": 10, "Defense": 55, "Sp. Attack": 15, "Sp. Defense": 20, "Speed": 80}, {"id": 130, "name": "Gyarados", "HP": 95, "Attack": 125, "Defense": 79, "Sp. Attack": 60, "Sp. Defense": 100, "Speed": 81}, {"id": 131, "name": "Lapras", "HP": 130, "Attack": 85, "Defense": 80, "Sp. Attack": 85, "Sp. Defense": 95, "Speed": 60}, {"id": 132, "name": "Ditto", "HP": 48, "Attack": 48, "Defense": 48, "Sp. Attack": 48, "Sp. Defense": 48, "Speed": 48}, {"id": 133, "name": "Eevee", "HP": 55, "Attack": 55, "Defense": 50, "Sp. Attack": 45, "Sp. Defense": 65, "Speed": 55}, {"id": 134, "name": "Vaporeon", "HP": 130, "Attack": 65, "Defense": 60, "Sp. Attack": 110, "Sp. Defense": 95, "Speed": 65}, {"id": 135, "name": "Jolteon", "HP": 65, "Attack": 65, "Defense": 60, "Sp. Attack": 110, "Sp. Defense": 95, "Speed": 130}, {"id": 136, "name": "Flareon", "HP": 65, "Attack": 130, "Defense": 60, "Sp. Attack": 95, "Sp. Defense": 110, "Speed": 65}, {"id": 137, "name": "Porygon", "HP": 65, "Attack": 60, "Defense": 70, "Sp. Attack": 85, "Sp. Defense": 75, "Speed": 40}, {"id": 138, "name": "Omanyte", "HP": 35, "Attack": 40, "Defense": 100, "Sp. Attack": 90, "Sp. Defense": 55, "Speed": 35}, {"id": 139, "name": "Omastar", "HP": 70, "Attack": 60, "Defense": 125, "Sp. Attack": 115, "Sp. Defense": 70, "Speed": 55}, {"id": 140, "name": "Kabuto", "HP": 30, "Attack": 80, "Defense": 90, "Sp. Attack": 55, "Sp. Defense": 45, "Speed": 55}, {"id": 141, "name": "Kabutops", "HP": 60, "Attack": 115, "Defense": 105, "Sp. Attack": 65, "Sp. Defense": 70, "Speed": 80}, {"id": 142, "name": "Aerodactyl", "HP": 80, "Attack": 105, "Defense": 65, "Sp. Attack": 60, "Sp. Defense": 75, "Speed": 130}, {"id": 143, "name": "Snorlax", "HP": 160, "Attack": 110, "Defense": 65, "Sp. Attack": 65, "Sp. Defense": 110, "Speed": 30}, {"id": 144, "name": "Articuno", "HP": 90, "Attack": 85, "Defense": 100, "Sp. Attack": 95, "Sp. Defense": 125, "Speed": 85}, {"id": 145, "name": "Zapdos", "HP": 90, "Attack": 90, "Defense": 85, "Sp. Attack": 125, "Sp. Defense": 90, "Speed": 100}, {"id": 146, "name": "Moltres", "HP": 90, "Attack": 100, "Defense": 90, "Sp. Attack": 125, "Sp. Defense": 85, "Speed": 90}, {"id": 147, "name": "Dratini", "HP": 41, "Attack": 64, "Defense": 45, "Sp. Attack": 50, "Sp. Defense": 50, "Speed": 50}, {"id": 148, "name": "Dragonair", "HP": 61, "Attack": 84, "Defense": 65, "Sp. Attack": 70, "Sp. Defense": 70, "Speed": 70}, {"id": 149, "name": "Dragonite", "HP": 91, "Attack": 134, "Defense": 95, "Sp. Attack": 100, "Sp. Defense": 100, "Speed": 80}, {"id": 150, "name": "Mewtwo", "HP": 106, "Attack": 110, "Defense": 90, "Sp. Attack": 154, "Sp. Defense": 90, "Speed": 130}, {"id": 151, "name": "Mew", "HP": 100, "Attack": 100, "Defense": 100, "Sp. Attack": 100, "Sp. Defense": 100, "Speed": 100}]