[{"id": 1, "name": "Normal"}, {"id": 2, "name": "Fighting"}, {"id": 3, "name": "Flying"}, {"id": 4, "name": "Poison"}, {"id": 5, "name": "Ground"}, {"id": 6, "name": "Rock"}, {"id": 7, "name": "Bug"}, {"id": 8, "name": "Ghost"}, {"id": 9, "name": "Steel"}, {"id": 10, "name": "Fire"}, {"id": 11, "name": "Water"}, {"id": 12, "name": "Grass"}, {"id": 13, "name": "Electric"}, {"id": 14, "name": "Psychic"}, {"id": 15, "name": "Ice"}, {"id": 16, "name": "Dragon"}, {"id": 17, "name": "Dark"}, {"id": 18, "name": "Fairy"}]